Accession	Distance	CIGAR
NW_014478584.1	0	MMMMMMMMMMMMMMMMMM
NW_014478585.1	18	SSSSSSSSSSSSSSSSSS
NW_014478586.1	10	SSSMMMISSMMSSMSMDMM
NW_014478587.1	16	DSSSSSSMSMISSSMSSSS
NW_014478588.1	10	SSSMMSMSMDMMSSMMMIS
NW_014478589.1	17	MSSSSSSSSSSSSSSSSS
NW_014478590.1	7	SMMISMSMDMMMMSMMMMS
NW_014478591.1	14	MMSSSSSSSSSSMSMSSS
NW_014478592.1	17	ISMMDSSSSSSSSSSSSSS
NW_014478593.1	18	SSSSSSSSSSSSSSSSSS
NW_014478594.1	12	SSSMMMIMSSMMSSSMDSS
NW_014478595.1	16	MIMMDSSSSSSSSSSSSSS
NW_014478596.1	16	IMMMDSSSSSSSSSSSSSS
NW_014478597.1	18	SSSSSSSSSSSSSSSSSS
NW_014478598.1	18	SSSSSSSSSSSSSSSSSS
NW_014478599.1	16	MSMSSSSSSSSSSSSSSS
NW_014478600.1	16	SMSSSSSSSSSSSSMSSS
NW_014478601.1	8	IMMMSSSMSMMSSMMMMDM
NW_014478602.1	18	SSSSSSSSSSSSSSSSSS
NW_014478603.1	17	MSSSSSSSSSSSSSSSSS
NW_014478604.1	8	DSSMSSMSMMMMMMIMSMM
NW_014478605.1	17	IIMMMDDSSSSSSSSSSSSS
NW_014478606.1	18	SSSSSSSSSSSSSSSSSS
NW_014478607.1	17	SMSSSSSSSSSSSSSSSS
NW_014478608.1	17	MSSSSSSSSSSSSSSSSS
NW_014478609.1	18	SSSSSSSSSSSSSSSSSS
NW_014478610.1	17	SSMSSSSSSSSSSSSSSS
NW_014478611.1	16	MMSSSSSSSSSSSSSSSS
NW_014478612.1	15	SSSSSSSSSSSSSMSSMM
NW_014478613.1	16	MSMSSSSSSSSSSSSSSS
NW_014478614.1	16	MMSSSSSSSSSSSSSSSS
NW_014478615.1	13	ISSSSSMMMDSSSMSSMMS
NW_014478616.1	18	SSSSSSSSSSSSSSSSSS
NW_014478617.1	17	SSMSSSSSSSSSSSSSSS
NW_014478618.1	13	SSSMSSSMSSMMMSSSSS
NW_014478619.1	17	SMSSSSSSSSSSSSSSSS
NW_014478620.1	18	SSSSSSSSSSSSSSSSSS
NW_014478621.1	17	ISSMSSSSSSSSSSSSMDS
NW_014478622.1	17	MSSSSSSSSSSSSSSSSS
NW_014478623.1	14	SMSSMSSSSMSSSSMSSS
NW_014478624.1	11	SSSSMMMDSMMMIMISMMDS
NW_014478625.1	16	MSMSSSSSSSSSSSSSSS
NW_014478626.1	14	MMIMSSSSSSSSMSSSMDS
NW_014478627.1	17	SMSSSSSSSSSSSSSSSS
NW_014478628.1	15	DSSSMMSSSMSSSSSMISS
NW_014478629.1	17	SMSSSSSSSSSSSSSSSS
NW_014478630.1	11	SSSMMSMSMMSSMSSSSM
NW_014478631.1	16	MIMMDSSSSSSSSSSSSSS
NW_014478632.1	12	IMMSSSSSMDDMMSSMMMIS
NW_014478633.1	14	SSSMMSMDMMISSSSSSSS
